time,position_x,position_y,position_z,orientation_x,orientation_y,orientation_z,orientation_w
1121.403616305,0.1647593153441079,-0.0316723002633251,0.0,0.0,0.0,-0.11036519345108377,0.9938911027242898
1121.745734514,0.3418809257652857,-0.13291612476383427,0.0,0.0,0.0,-0.21871546828739974,0.9757886779071704
1122.047900964,0.478631236597999,-0.25329992036434024,0.0,0.0,0.0,-0.3140776898299819,0.9493972849924639
1122.349857176,0.6178258342817347,-0.40588462565831446,0.0,0.0,0.0,-0.4075041056138475,0.9132033748885613
1122.581510562,0.6995935036596664,-0.5222202744501104,0.0,0.0,0.0,-0.5007480021091381,0.8655931136415693
1122.944021437,0.7600812887506911,-0.6275259396747932,0.0,0.0,0.0,-0.5862826779300824,0.8101065495100822
1123.739030793,0.82768053822374,-0.8734713161366134,0.0,0.0,0.0,-0.6024135017103466,0.7981841723293429
1124.21182415,0.9036435525438167,-1.1233771012822957,0.0,0.0,0.0,-0.5679333744091731,0.8230745301807182
1124.594398847,0.9948824414850436,-1.2947467927243874,0.0,0.0,0.0,-0.4779704368720183,0.8783759226415373
1124.805974683,1.0743787880759494,-1.4002435617673072,0.0,0.0,0.0,-0.383088397486117,0.9237116864647317
1126.788820375,0.8157690736393682,-1.2195018371918647,0.0,0.0,0.0,-0.3183504484441845,0.9479730966516859
1127.31265586,0.5701200752817992,-1.0323396506558262,0.0,0.0,0.0,-0.31692478158877574,0.9484506749509469
1127.836507009,0.3100638540191935,-0.8533905581787173,0.0,0.0,0.0,-0.3121644043612146,0.9500280967686209
1128.87359554,0.40671897885788855,-0.8997646282387511,0.0,0.0,0.0,-0.21214896024595367,0.9772373399878664
1129.105158916,0.537448137263719,-0.9371093942083132,0.0,0.0,0.0,-0.11329769207805365,0.9935610866825384
1129.376901104,0.7066044658936762,-0.9557750386571011,0.0,0.0,0.0,-0.012971969685622963,0.9999158604615067
1129.689037734,0.8845838967734355,-0.9401556321148503,0.0,0.0,0.0,0.08754674413971733,0.9961604125794875
1129.880186425,1.006131118413237,-0.9105637735780412,0.0,0.0,0.0,0.191829462718314,0.9814282741154358
1130.051181159,1.1160249671613038,-0.8308903093931309,0.0,0.0,0.0,0.3005233999538879,0.9537744419306672
1130.242512791,1.193732326577416,-0.7840515023047172,0.0,0.0,0.0,0.39616169804726675,0.9181807605261103
1130.484421359,1.2737231381913208,-0.696366925722804,0.0,0.0,0.0,0.4840940504838144,0.8750159714463355
1130.715834346,1.3347585864965348,-0.5840805694808147,0.0,0.0,0.0,0.5739090999486515,0.8189190100346485
1130.897027791,1.3713109530887486,-0.46229566412732725,0.0,0.0,0.0,0.6575647341347534,0.7533980491229659
1131.128705542,1.3772972677304325,-0.34720474540415275,0.0,0.0,0.0,0.7348355252514808,0.6782453470746264
1131.299779093,1.3647220326874467,-0.24658845746834893,0.0,0.0,0.0,0.8003826150919005,0.5994895073799463
1131.480985614,1.327843354730399,-0.14030363036556132,0.0,0.0,0.0,0.8577691079118939,0.5140351714737366
1131.782915342,1.2844954540500049,-0.07734822009911936,0.0,0.0,0.0,0.9056801190433639,0.42396169870590705
1132.054672518,1.1638542109492356,0.032670850909807286,0.0,0.0,0.0,0.9445959145174381,0.3282355225702497
1132.417101518,0.9829689552674279,0.14994132865558937,0.0,0.0,0.0,0.9733355898363406,0.22938576581371134
1132.749209888,0.8002363917245848,0.21045080161463461,0.0,0.0,0.0,0.9922276129848453,0.12443618457022847
1133.021013288,0.6280173231885805,0.23493502987784406,0.0,0.0,0.0,0.9998013679404973,0.01993049583704062
1133.252685072,0.4861798448376793,0.2302878232801356,0.0,0.0,0.0,-0.9961026041293436,0.08820205239528255
1133.504320096,0.35525453400264084,0.18395617380716447,0.0,0.0,0.0,-0.9797500641702809,0.2002244035034951
1133.665611929,0.23977109572772845,0.11882069569369168,0.0,0.0,0.0,-0.9527580606623707,0.3037302715286679
1133.917614871,0.14780656026333602,0.03729027491553921,0.0,0.0,0.0,-0.9139595489258016,0.40580530174869
1134.098797407,0.09181435227281373,-0.03571965788856606,0.0,0.0,0.0,-0.8688569111705624,0.4950632968733891
1134.310435233,0.040005092119417496,-0.14882948170112487,0.0,0.0,0.0,-0.8121105137315066,0.5835036533619551
1134.54227197,0.007194253285285226,-0.2776012790623678,0.0,0.0,0.0,-0.7446225000263874,0.6674858294034808
1135.016144748,-0.001033875453265483,-0.5397254423905147,0.0,0.0,0.0,-0.7243577186642536,0.689424321743524
1135.489867471,-0.013104042385461985,-0.7932099557759764,0.0,0.0,0.0,-0.714504848456669,0.6996304892812437
1135.882885034,0.04594573869887353,-0.9826491153539878,0.0,0.0,0.0,-0.7151293116996067,0.6989921798904811
1136.336129759,0.042086271277856885,-1.2399450008023882,0.0,0.0,0.0,-0.7162273162418391,0.697867058592833
1136.718547836,0.03756489131911205,-1.4910348110724787,0.0,0.0,0.0,-0.7163819819093896,0.697708288610344
1137.161347354,0.027578736212997505,-1.7419435399059027,0.0,0.0,0.0,-0.7192280752145991,0.6947740465958001
1137.644435758,0.014081866639070021,-1.9940864404163874,0.0,0.0,0.0,-0.7281419905697339,0.6854263210361458
1138.037040859,-0.005932575363069319,-2.249715130185332,0.0,0.0,0.0,-0.7302064606154284,0.6832265545743146
1138.490143153,-0.025943121056915874,-2.4934094965210805,0.0,0.0,0.0,-0.7309478959063044,0.6824332740057056
1138.89267287,-0.04727475411773426,-2.746526589232637,0.0,0.0,0.0,-0.7329041804891191,0.6803318765290751
1139.315161355,-0.06905968486327303,-2.998273678569954,0.0,0.0,0.0,-0.7438896080484365,0.6683025146126143
1139.777981211,-0.11972956651367096,-3.253534235448474,0.0,0.0,0.0,-0.7963586236870499,0.6048247204597937
1140.271271416,-0.2160921453262618,-3.5102614032875796,0.0,0.0,0.0,-0.8445093135314405,0.535540866189178
1140.442382238,-0.2630857170100042,-3.5971962654899414,0.0,0.0,0.0,-0.8943586778971186,0.44735059547307865
1140.714488371,-0.3574340532206013,-3.7032369805971586,0.0,0.0,0.0,-0.9352351810354887,0.3540270556800942
1141.006420895,-0.5119326258324381,-3.822723004539647,0.0,0.0,0.0,-0.9666811375018595,0.2559835510303566
1141.308294203,-0.6712691716835965,-3.8941111954265577,0.0,0.0,0.0,-0.9877573376026799,0.15599821156688107
1141.801208618,-0.9258654136743989,-3.9799304169402334,0.0,0.0,0.0,-0.9872903334091793,0.1589270195932449
1142.263924594,-1.173105407328679,-4.070616067452248,0.0,0.0,0.0,-0.9769189929385186,0.2136101150132895
1142.66639,-1.3690798013932406,-4.184079125384254,0.0,0.0,0.0,-0.9497856610905856,0.31290125916448347
1143.008446115,-1.5323432084777524,-4.330130798380126,0.0,0.0,0.0,-0.9135517397667198,0.40672253290074745
1143.340609235,-1.6262827200906653,-4.459952936284482,0.0,0.0,0.0,-0.8680496327374498,0.49647742658088545
1143.783521375,-1.7502666027678948,-4.709890826395406,0.0,0.0,0.0,-0.8676873216041593,0.497110361919162
1144.296847625,-1.9080959944289948,-4.954982080727352,0.0,0.0,0.0,-0.8858517199659414,0.4639684582311425
1144.921193429,-2.124784129667783,-5.207612876802056,0.0,0.0,0.0,-0.9226555185383146,0.38562519900908165
1145.485435014,-2.278426664766513,-5.335603150621278,0.0,0.0,0.0,-0.9565362033706247,0.2916135998908675
1146.180132346,-2.0435255203220235,-5.179283912915545,0.0,0.0,0.0,-0.9554074917821752,0.2952905766300254
1146.673486021,-1.7878632788265794,-5.0038415447791476,0.0,0.0,0.0,-0.9538519293100691,0.3002773666986225
1147.811260152,-2.0353607383916246,-5.201930219652689,0.0,0.0,0.0,-0.9706942106631782,0.24031801718762058
1148.042667836,-2.173476767239373,-5.253398811441866,0.0,0.0,0.0,-0.9902135112180088,0.13956074735147533
1148.304210037,-2.317302627622583,-5.285049391580277,0.0,0.0,0.0,-0.9991406445274271,0.04144843125279395
1148.555741061,-2.4722153522298562,-5.280482806187676,0.0,0.0,0.0,0.9981189480616849,0.06130714085843143
1149.219995584,-2.7284481599180688,-5.220822700022809,0.0,0.0,0.0,0.9925778052941848,0.12161126772375726
1149.692976856,-2.975493579420724,-5.171337154969537,0.0,0.0,0.0,0.9924693747708927,0.12249302078842429
1150.186102903,-3.229711272661811,-5.119824130223507,0.0,0.0,0.0,0.9984548702774326,0.05556862441409822
1151.182376159,-2.967949780031718,-5.170940435173385,0.0,0.0,0.0,0.9963576176020607,0.08527307808649685
1151.585064975,-2.7021533289261073,-5.198228293634469,0.0,0.0,0.0,0.9965374569108972,0.08314503577220735
1153.24579169,-2.9566534669635516,-5.174412601837631,0.0,0.0,0.0,0.9979968335516682,0.06326389350050994
1153.658893592,-3.2026366054262665,-5.148740317126839,0.0,0.0,0.0,0.9966942505472526,0.08124389777731243
1154.606251131,-2.946115481592595,-5.21705119720534,0.0,0.0,0.0,0.9921003363160107,0.12544689187723404
1155.039600873,-2.6916085464178567,-5.281797826285877,0.0,0.0,0.0,0.993127481908269,0.1170376207829805
1155.503110746,-2.450345021559159,-5.347858538044354,0.0,0.0,0.0,0.9922931673293746,0.12391234834122856
1155.956447447,-2.191267264481492,-5.4154031982902255,0.0,0.0,0.0,0.9923751462694698,0.12325408336703735
1156.430237704,-1.937010949448404,-5.490469329955108,0.0,0.0,0.0,0.9910505462782317,0.13348713316877578
1157.607654671,-2.196639334660066,-5.440517866127009,0.0,0.0,0.0,0.9806625844630658,0.1957061456220023
1157.899382423,-2.3611882023565007,-5.362533932953734,0.0,0.0,0.0,0.9534102777125012,0.30167671827996845
1158.110667985,-2.4726413578208324,-5.278231635862046,0.0,0.0,0.0,0.914475147790789,0.4046420690845363
1158.261574553,-2.5359422076813143,-5.202715312887727,0.0,0.0,0.0,0.8720359612575919,0.4894418068305441
1158.45280109,-2.6085870545692105,-5.096344635155584,0.0,0.0,0.0,0.8205544572785003,0.571568353427992
1158.986086929,-2.6824221031366013,-4.847437628849246,0.0,0.0,0.0,0.7803547057322385,0.6253371356648759
1159.428906362,-2.7632259566079527,-4.594543602451456,0.0,0.0,0.0,0.7837001586701077,0.6211393251923822
1159.861992222,-2.843548361958909,-4.337759762918577,0.0,0.0,0.0,0.8318879819426829,0.5549435876729549
1160.14370848,-2.9294581649245752,-4.204638854535716,0.0,0.0,0.0,0.8836898252642085,0.46807295662590104
1160.45557943,-3.0577239692753615,-4.056745374767356,0.0,0.0,0.0,0.9281672672579642,0.37216330285357657
1160.747447345,-3.2193255963407714,-3.9397024992706666,0.0,0.0,0.0,0.9609499262284316,0.2767223143903866
1161.119777883,-3.4304519083049954,-3.836904497802432,0.0,0.0,0.0,0.9835407958785795,0.18068619992276808
1161.451877025,-3.6076312710713974,-3.7754581116018806,0.0,0.0,0.0,0.9969376178521357,0.07820093420994981
1161.633112007,-3.716166163248639,-3.76205847332938,0.0,0.0,0.0,-0.9996995022488601,0.02451336785065179
1161.844485873,-3.8221680467391868,-3.771385830646305,0.0,0.0,0.0,-0.9918785618506254,0.12718851575962012
1162.01556823,-3.927057237987044,-3.8054573926433966,0.0,0.0,0.0,-0.973073255070511,0.2304960742973298
1162.548939732,-4.1786739946353935,-3.933984508752142,0.0,0.0,0.0,-0.9811635427456036,0.19317893877671072
1162.901167907,-4.367491581354062,-3.9857383598613336,0.0,0.0,0.0,-0.995915482246619,0.09029037723636123
1163.172992854,-4.553445214441461,-3.989276013700826,0.0,0.0,0.0,0.9998316279031733,0.018349818650071667
1164.833307631,-4.808933375464558,-3.939419074170599,0.0,0.0,0.0,0.9934488365369032,0.11427777204458188
1165.276432042,-5.067311946211894,-3.8730251614888247,0.0,0.0,0.0,0.9933775101500725,0.11489613713281546
1165.740035785,-5.3281908747175635,-3.8096058384898477,0.0,0.0,0.0,0.993420435835516,0.11452439768177555
1166.142883552,-5.591705430864325,-3.743243472247601,0.0,0.0,0.0,0.9934661554817686,0.1141271129586409
1166.5963257,-5.85687535314443,-3.672853313718014,0.0,0.0,0.0,0.9935300962594761,0.11356913236718945
1167.099767954,-6.116329814136176,-3.6088438349654757,0.0,0.0,0.0,0.9931121127514952,0.11716796279811881
1167.412117369,-6.302159085041426,-3.5385895517980392,0.0,0.0,0.0,0.9756289702009352,0.21942678164860074
1167.663720622,-6.441152415091867,-3.4461840397899386,0.0,0.0,0.0,0.946567405848168,0.32250604054167653
1168.24758266,-6.694447905026187,-3.2299409006722,0.0,0.0,0.0,0.9382937368611004,0.3458393606390576
1168.770991788,-6.94710553427264,-3.0129388090147025,0.0,0.0,0.0,0.938726823773894,0.34466208135995535
1169.354484994,-7.204551594877978,-2.7974670603582874,0.0,0.0,0.0,0.9393988633121991,0.34282615945657985
1169.847766267,-7.461530137425259,-2.576366803984761,0.0,0.0,0.0,0.9404047102933694,0.3400573199595092
1170.401788508,-7.722316944402984,-2.357741839829119,0.0,0.0,0.0,0.9415336063133517,0.33691908254442104
1171.015811535,-7.9870416344568484,-2.138995291681717,0.0,0.0,0.0,0.9429724717158091,0.332870722032109
1171.42847036,-8.163146205163093,-1.96878553663292,0.0,0.0,0.0,0.901892955469065,0.4319596009759189
1171.669991811,-8.245278222143812,-1.8316947991517856,0.0,0.0,0.0,0.850682589227677,0.5256796861063734
1171.962013999,-8.306034832975213,-1.654578240658091,0.0,0.0,0.0,0.7917620526272148,0.6108296423877443
1172.233815999,-8.338185759134241,-1.492028308323946,0.0,0.0,0.0,0.7248847207975485,0.6888701920930097
1172.716992451,-8.33645986240447,-1.2241588847221576,0.0,0.0,0.0,0.6912213371366894,0.7226431090704228
1173.140024245,-8.333770684172356,-0.9666642450046669,0.0,0.0,0.0,0.6924488694635169,0.7214669522429267
1173.532741582,-8.326508986212586,-0.7026978763180117,0.0,0.0,0.0,0.6932739263232761,0.7206741726191586
1173.996309003,-8.319113481876148,-0.44190342459720816,0.0,0.0,0.0,0.6944466359491692,0.7195442097737164
1174.409598163,-8.313271791407518,-0.1848775966604503,0.0,0.0,0.0,0.6957161235959715,0.7183168349472223
1174.822636863,-8.304276211773997,0.07317745507813898,0.0,0.0,0.0,0.6965969825600951,0.7174626428519959
1175.28610846,-8.289113417976115,0.33837398361946885,0.0,0.0,0.0,0.6457725841932943,0.7635298091786035
1175.638915292,-8.24018131379672,0.5403532026109329,0.0,0.0,0.0,0.5611934915767419,0.8276846410390284
1175.91117517,-8.163043631135558,0.6918239035229111,0.0,0.0,0.0,0.4706445886292168,0.882322883752901
1176.233408286,-8.056636675639187,0.819441557927665,0.0,0.0,0.0,0.37461233836738755,0.9271815334350215
1177.220678674,-7.81203061243969,1.0724062384935913,0.0,0.0,0.0,0.3644387893226758,0.9312273454087473
1177.603930324,-7.618449547159757,1.2080004873966692,0.0,0.0,0.0,0.2627028505617768,0.9648767860751531
1177.966711884,-7.454541264330366,1.2818743239076984,0.0,0.0,0.0,0.16027542452828497,0.9870723318441653
1178.198213904,-7.312146153227708,1.3133033949607738,0.0,0.0,0.0,0.059634468660991036,0.9982202813745678
1178.439935676,-7.173539587650414,1.3136278480522792,0.0,0.0,0.0,-0.043820026117130956,0.9990394413190572
1178.671650862,-7.024792379746071,1.2857458746791506,0.0,0.0,0.0,-0.15260579267466012,0.9882871404820254
1178.883446896,-6.889818194239932,1.2233023428294285,0.0,0.0,0.0,-0.2583193402494107,0.966059583283096
1179.074885175,-6.783860145903511,1.1603535836595402,0.0,0.0,0.0,-0.3609967108674623,0.932567088601605
1179.276267589,-6.708616409664796,1.0837273014976507,0.0,0.0,0.0,-0.4538174148345961,0.8910946941783707
1179.477905637,-6.650638784127736,0.9890112684787441,0.0,0.0,0.0,-0.5470296252081049,0.8371132475027977
1179.729684673,-6.64378910711575,0.9774016538130486,0.0,0.0,0.0,-0.6329574581282201,0.7741865771245731
1180.726982521,-6.607636830428888,0.7147736167806956,0.0,0.0,0.0,-0.636506910246828,0.7712709985524131
1181.270688665,-6.525914396426001,0.4431927854897271,0.0,0.0,0.0,-0.5539642894334855,0.8325404290678342
1181.532544401,-6.456178981404256,0.31088011802434506,0.0,0.0,0.0,-0.4635570882368883,0.8860670549937729
1181.925587149,-6.44892474455785,0.3130003470511999,0.0,0.0,0.0,-0.3703999355545037,0.9288723743018841
1182.46002118,-6.691537487304119,0.5190314083150177,0.0,0.0,0.0,-0.3274233912372781,0.9448777290584641
1182.994298492,-6.929443071482511,0.7063814045424052,0.0,0.0,0.0,-0.3255996924312065,0.9455077156156388
1183.538274944,-7.18722565242405,0.9033813957618962,0.0,0.0,0.0,-0.3288558166690034,0.9443801415971023
1184.041889071,-7.4147035523117735,1.102926320061086,0.0,0.0,0.0,-0.32815792298835145,0.9446228758504481
1184.706987176,-7.361837907806196,1.1610818895017387,0.0,0.0,0.0,-0.22756366362004826,0.9737632047884237
1185.019410033,-7.175071232496806,1.1519489516158474,0.0,0.0,0.0,-0.11228461022523405,0.9936760872168391
1185.271484178,-6.9882343900971415,1.1447538726391153,0.0,0.0,0.0,0.000915463089371321,0.9999995809635782
1185.502931117,-6.841978496837781,1.1740511556483224,0.0,0.0,0.0,0.09835884190651525,0.9951510127708303
1185.976245628,-6.563354903094045,1.2507043641474618,0.0,0.0,0.0,0.13331126851555447,0.9910742180516925
1186.439529097,-6.314220250302956,1.3209305589628446,0.0,0.0,0.0,0.13685540910094338,0.9905910341810154
1186.842528989,-6.029039046889136,1.3878094886826078,0.0,0.0,0.0,0.1277572895234994,0.9918054622624383
1187.27558881,-5.747191812235677,1.4415471405190146,0.0,0.0,0.0,0.11999473193683445,0.9927745284340282
1187.718534002,-5.43795914605633,1.521727152918834,0.0,0.0,0.0,0.11983587041912505,0.9927937168218233
1188.151690368,-5.182484180562842,1.585655094892895,0.0,0.0,0.0,0.11975284341084395,0.9928037351334945
1188.584549673,-4.917086021816741,1.6302455029463394,0.0,0.0,0.0,0.1216814575232825,0.9925692030760422
1189.03805387,-4.660836424434911,1.6855435016187807,0.0,0.0,0.0,0.12359159591846466,0.9923331685569756
1189.480831294,-4.515940555882769,1.6318712959062809,0.0,0.0,0.0,0.12065944640928103,0.9926939598850221
1189.913945218,-4.256675817650946,1.6964192695181717,0.0,0.0,0.0,0.12087817800832594,0.9926673491564973
1190.357543906,-3.9924092904723,1.7653699915565855,0.0,0.0,0.0,0.12426651413872034,0.992248876776291
1190.991730335,-3.7322601896782523,1.8359931127982665,0.0,0.0,0.0,0.13206329980503018,0.9912412848770005
1191.525637409,-3.4796304250849937,1.911563917497216,0.0,0.0,0.0,0.17610367106146152,0.9843716254741786
1192.039460788,-3.133966646155094,2.1043121006696226,0.0,0.0,0.0,0.27736247201706815,0.9607653507056658
1192.200780378,-3.117230341549507,2.1153085221966035,0.0,0.0,0.0,0.38344349141126555,0.9235643393366478
1192.382168649,-3.0983873204735715,2.1363429148827273,0.0,0.0,0.0,0.4817789606172241,0.8762927781892232
1192.533599935,-3.054120955603628,2.208908401547859,0.0,0.0,0.0,0.5745637882626495,0.8184598054988853
1193.118133051,-2.9905250031949473,2.4529952408405475,0.0,0.0,0.0,0.6475502773823538,0.76202272817944
1193.551616425,-2.947198749063232,2.70469910692215,0.0,0.0,0.0,0.6461721052474494,0.7631917258461856
1193.9545896,-2.8911294297719827,2.9510456877691826,0.0,0.0,0.0,0.6407037403032553,0.7677881981128772
1194.428164531,-2.8320548094673366,3.199843921164178,0.0,0.0,0.0,0.5800691756918046,0.8145672172462076
1194.871709455,-2.72626893595082,3.411631638199248,0.0,0.0,0.0,0.4898924804252102,0.8717828615101555
1195.194126248,-2.6042808119295024,3.556022692971557,0.0,0.0,0.0,0.3978046601416216,0.9174701370451297
1195.446230102,-2.4838101720864687,3.653730523293296,0.0,0.0,0.0,0.3060385316326567,0.9520191264654967
1195.698131926,-2.3477983227572436,3.725162393020049,0.0,0.0,0.0,0.20791271111493256,0.9781473838623904
1196.23264019,-2.093328951597542,3.8193333628933126,0.0,0.0,0.0,0.160846821597656,0.9869793817410432
1196.655859274,-1.8389112083508483,3.8988871974250134,0.0,0.0,0.0,0.15776172129305652,0.9874772095064533
1197.099295849,-1.5851792329778356,3.989093530539019,0.0,0.0,0.0,0.16162811927288578,0.9868517371217977
1197.522757692,-1.3864961436378926,4.0684877775739094,0.0,0.0,0.0,0.2608735125299533,0.9653729903308277
1197.905384644,-1.2059889367379277,4.194008111255315,0.0,0.0,0.0,0.36192387288477057,0.9322076540321306
1198.238050189,-1.0695839194477483,4.349271082223048,0.0,0.0,0.0,0.45878624552901964,0.8885466678308945
1198.600469813,-0.9612049228477524,4.5447436463044015,0.0,0.0,0.0,0.5497023025211846,0.8353606278745175
1199.003833792,-0.863300419388498,4.80091236025342,0.0,0.0,0.0,0.6333849863794568,0.7738368426413254
1199.215176785,-0.8433725178600725,4.9207295351302935,0.0,0.0,0.0,0.7069859724658089,0.7072275692707225
1199.456987356,-0.8501968110050833,5.066493218022969,0.0,0.0,0.0,0.7756182030839505,0.6312023471477461
1199.728867087,-0.8902984382284701,5.214940699068752,0.0,0.0,0.0,0.8351352558393252,0.5500446386014364
1199.990811492,-0.9770741166011765,5.360844567600106,0.0,0.0,0.0,0.889316053017751,0.45729307653290446
1200.223024346,-1.067449965434882,5.458566769569924,0.0,0.0,0.0,0.932052538158853,0.3623231514982722
1200.555553181,-1.2143732235957923,5.565471301279536,0.0,0.0,0.0,0.9650292945575866,0.2621420619543664
1200.938097419,-1.394555042310693,5.66672686399333,0.0,0.0,0.0,0.9864342642831581,0.16415676120143444
1201.08954709,-1.4927586830990274,5.697079272580329,0.0,0.0,0.0,0.9980545274010293,0.062347095636509184
1201.29122063,-1.6085171887649243,5.7065949802366776,0.0,0.0,0.0,-0.9989625326124234,0.045539635885378134
1201.522626142,-1.7327025924080455,5.689408905700299,0.0,0.0,0.0,-0.9883974994599354,0.15188937771071112
1201.794580046,-1.699964420231389,5.725091528701292,0.0,0.0,0.0,-0.9662510475969227,0.25760223799076243
1201.985751211,-1.7977364713625066,5.655562191801616,0.0,0.0,0.0,-0.9327877400553699,0.36042618107234625
1202.217297593,-1.8808676550849235,5.560638374066277,0.0,0.0,0.0,-0.8889449598359341,0.45801403732013446
1202.408627938,-1.9422206211751603,5.444115073780981,0.0,0.0,0.0,-0.8329541629677346,0.5533419940639971
1202.670521743,-1.98148478356741,5.3155337750059735,0.0,0.0,0.0,-0.7688913202001991,0.6393794942917663
1202.861631253,-1.992347605670129,5.195204882572513,0.0,0.0,0.0,-0.7011638391363878,0.7130001898229211
1203.032924155,-1.981314230137025,5.076417186578247,0.0,0.0,0.0,-0.6271263957298795,0.7789175076854099
1203.254345439,-1.9419787349564317,4.951118465044352,0.0,0.0,0.0,-0.5436286139218063,0.8393258783842279
1203.506025991,-1.8722331660393607,4.827039706438349,0.0,0.0,0.0,-0.4544770570136573,0.8907584434897067
1204.110440257,-1.6644801010602448,4.569028992883345,0.0,0.0,0.0,-0.4248394407006102,0.9052687168046805
1204.694508253,-1.4548472646171522,4.307776829426818,0.0,0.0,0.0,-0.42990820855428347,0.9028726002142532
1205.247792269,-1.245969788355385,4.048937536529435,0.0,0.0,0.0,-0.4326643415107879,0.9015550829455937
1205.801767923,-1.1315500639271596,3.6908259117070505,0.0,0.0,0.0,-0.40494829695991175,0.914339585049924
1206.345571939,-0.9187220667742506,3.443377159567699,0.0,0.0,0.0,-0.4038051836571951,0.9148449997959102
1206.919669049,-0.6865662873908661,3.207833656225793,0.0,0.0,0.0,-0.3994221936043179,0.9167670976078465
1207.514123629,-0.4586353616840493,2.976747155471191,0.0,0.0,0.0,-0.39820299241631607,0.9172973219358549
1208.067672875,-0.2229540795001245,2.749412389189887,0.0,0.0,0.0,-0.39706539960777226,0.9177903183376473
1208.590927563,-0.0015223343321147758,2.4994973884010268,0.0,0.0,0.0,-0.39873028829642976,0.9170682402062815
1209.154378377,0.22290770459892442,2.27266232991699,0.0,0.0,0.0,-0.4024602459437504,0.9154374639673077
1209.869252279,0.4437872223744612,2.0762100063025595,0.0,0.0,0.0,-0.30293798143867434,0.9530102724534828
1210.160974949,0.5661348421868624,2.0468413435132673,0.0,0.0,0.0,-0.19588417722882762,0.9806270387417355
1210.492973004,0.7502644465944782,2.0156231438646883,0.0,0.0,0.0,-0.09497290436488623,0.9954798578758378
1212.083895542,0.9916847107025698,1.955380844394725,0.0,0.0,0.0,-0.13928962423067343,0.9902516854727781
1212.506443992,1.2411559698701267,1.9990142952214511,0.0,0.0,0.0,-0.03542617706957014,0.9993722959829512
1212.868488751,1.333489267116381,2.0508361967723303,0.0,0.0,0.0,0.06118240294903969,0.9981266019746099
1213.351306554,1.5896457376063593,2.0865518437850907,0.0,0.0,0.0,-0.01926817120586572,0.9998143515565184
1213.592804065,1.7474010273740066,2.0812559341636083,0.0,0.0,0.0,-0.11996964660249781,0.9927775601281849
1213.874677109,1.8989488347243653,2.033873497537557,0.0,0.0,0.0,-0.2326493813926062,0.9725606743733974
1214.065921068,1.9843899130934877,1.9807761359866087,0.0,0.0,0.0,-0.3349987984322587,0.9422185548209836
1214.347911169,2.1010175643587625,1.863916351831154,0.0,0.0,0.0,-0.4280179305727854,0.9037702424334352
1214.951910515,2.3003389730566997,1.623590682799357,0.0,0.0,0.0,-0.43252032417071173,0.9016241840031036
1215.757176958,2.5021871838598555,1.3732247383050462,0.0,0.0,0.0,-0.4217759585289542,0.9067000831625538
1216.139649042,2.6462645493069235,1.237228310730863,0.0,0.0,0.0,-0.3278581539714473,0.9447269610180683
1216.360998199,2.7359535386094183,1.1825110647428119,0.0,0.0,0.0,-0.2282108299492969,0.973611738371027
1216.582391596,2.736253452590184,1.1809817246589152,0.0,0.0,0.0,-0.12242507027251934,0.9924777590297773
1216.803864035,2.7413418278033386,1.1742353638585339,0.0,0.0,0.0,-0.020382281655393835,0.999792259719248
1219.923470726,2.7842549776101477,1.177468485624541,0.0,0.0,0.0,0.08581378064673696,0.9963111938802623
1220.094494961,2.8780913841057045,1.202987646482787,0.0,0.0,0.0,0.18952293200287257,0.9818762947770124
1220.587330762,3.1338096567848654,1.3093868446014232,0.0,0.0,0.0,0.1815560799784361,0.9833805925595968
1221.110550506,3.386059587704132,1.3892055371015533,0.0,0.0,0.0,0.1456982611828546,0.9893290740134411
1221.502857787,3.628023229147837,1.4360542240704635,0.0,0.0,0.0,0.04180302293966871,0.9991258715863109
1221.975854514,3.880999454517199,1.4249441977190818,0.0,0.0,0.0,-0.042069393651267765,0.9991146911730477
1222.408486837,4.146601314102359,1.3992626721454808,0.0,0.0,0.0,-0.045435479492065195,0.9989672753415529
1222.861387174,4.3920061426195165,1.377997768538199,0.0,0.0,0.0,-0.04418520163204792,0.9990233570626541
1223.254040586,4.648795793152284,1.3552208300319473,0.0,0.0,0.0,-0.045692395276075985,0.9989555570764571
1223.676649055,4.900086387342,1.3273896134376453,0.0,0.0,0.0,-0.045673846132552404,0.9989564053448278
1224.089128772,5.149766040651286,1.3028435218350634,0.0,0.0,0.0,-0.044565952959220966,0.9990064443419955
1224.521632436,5.4049901467601185,1.2811245175081447,0.0,0.0,0.0,-0.04445037655403342,0.9990115935384357
1224.944733538,5.663811053217671,1.2562668451403267,0.0,0.0,0.0,-0.04411591958083949,0.9990264188896792
1225.367127849,5.916219299365008,1.2314442333443667,0.0,0.0,0.0,-0.03358336280839992,0.9994359197779913
1226.091329557,6.167806716906895,1.2263165356523742,0.0,0.0,0.0,0.005411591377868757,0.9999853572321742
1226.574145215,6.430163064794694,1.230975029903249,0.0,0.0,0.0,0.0053149154472931365,0.9999858757371467
1226.986430038,6.6826827681870045,1.2377445936623697,0.0,0.0,0.0,0.006368860436402287,0.9999797186027033
1227.419284655,6.932668364521022,1.241140278016791,0.0,0.0,0.0,0.007712997914857197,0.9999702543891821
1227.842318968,7.192714486672937,1.2445459153538485,0.0,0.0,0.0,0.006967280204716827,0.9999757282087146
1228.265239866,7.443416342211836,1.2522392874231367,0.0,0.0,0.0,0.009329687005213357,0.9999564775230894
1228.688275419,7.7005823080103895,1.2570135002230487,0.0,0.0,0.0,0.009025599623564322,0.9999592684461878
1229.141267105,7.947773043545144,1.265904912100877,0.0,0.0,0.0,0.010312691756011877,0.9999468227804644
1229.543825833,8.202399963871379,1.2748293211466166,0.0,0.0,0.0,0.012427165226438835,0.9999227798007378
1229.936513808,8.46182585484663,1.2876152175379534,0.0,0.0,0.0,0.012783019230451843,0.9999182938717313
1230.399694378,8.718876013495196,1.295001983625504,0.0,0.0,0.0,0.014161566057645717,0.9998997199953578
1230.782352517,8.97712080219975,1.30053833127341,0.0,0.0,0.0,0.012965472203676252,0.9999159447326239
1231.205150933,9.22774680313203,1.304066933231313,0.0,0.0,0.0,0.0122857341928812,0.9999245275196232
1231.627886053,9.47624523247483,1.3081591693819306,0.0,0.0,0.0,0.013415509693780858,0.9999100080005481
1232.071012503,9.74012212757916,1.3171035105837567,0.0,0.0,0.0,0.011987620994566996,0.9999281458899387
1232.524064993,9.999604857489832,1.3285269053648117,0.0,0.0,0.0,0.02500856988878198,0.9996872368056511
1232.96689012,10.220934962738735,1.3570500857804144,0.0,0.0,0.0,0.1277505998578868,0.9918063239544049
1233.248691545,10.376861498792282,1.4183215034733299,0.0,0.0,0.0,0.2318339099102513,0.9727553845729796
1233.651404031,10.577039114316218,1.5515572951549101,0.0,0.0,0.0,0.32947817095490717,0.9441631929196398
1234.013822269,10.730180705617196,1.689261185026156,0.0,0.0,0.0,0.43265872367206976,0.901557778975067
1234.154830479,10.799272064990575,1.7823224193566047,0.0,0.0,0.0,0.5274422481319128,0.8495908867717178
1234.376218883,10.848288236465757,1.894860011078423,0.0,0.0,0.0,0.6142604007535745,0.7891033899724789
1234.577623201,10.878502321845914,2.0279360677377976,0.0,0.0,0.0,0.6939396325047817,0.7200331842624536
1235.061083497,10.89175268992185,2.2830401293383598,0.0,0.0,0.0,0.7339720112718904,0.6791797160321382
1235.494040279,10.898485973052052,2.5373939071403893,0.0,0.0,0.0,0.7323247752602651,0.6809555224388758
1235.937287481,10.909460002643238,2.7925940478935662,0.0,0.0,0.0,0.7300102673024892,0.6834361781709748
1236.339992196,10.909493961991963,3.0509640322799814,0.0,0.0,0.0,0.7278433595590064,0.6857434242818949
1236.742760404,10.911104561338858,3.309680773842021,0.0,0.0,0.0,0.7275325852637448,0.6860731283029907
1237.165545965,10.904986494841,3.566719985113954,0.0,0.0,0.0,0.7275635615005281,0.6860402786838884
1237.588258653,10.893263680401088,3.8186559381999006,0.0,0.0,0.0,0.7284396155904543,0.6851100104643276
1238.03132725,10.88027961805039,4.072099049122639,0.0,0.0,0.0,0.7283162198799275,0.6852411866341758
1238.403848475,10.870237817732582,4.32700964072683,0.0,0.0,0.0,0.7277632100049398,0.6858284845085584
1238.846877954,10.858189871346314,4.5797247095384135,0.0,0.0,0.0,0.7274772025007492,0.6861318531023639
1239.299980493,10.843053286559304,4.834321244037696,0.0,0.0,0.0,0.7287488077378296,0.684781114824797
1239.692508326,10.834752521220366,5.095609184834216,0.0,0.0,0.0,0.7073798411429798,0.7068336157431484
1240.175750645,10.862197632280703,5.348296573036953,0.0,0.0,0.0,0.6278485609790093,0.778335521787736
1240.507952063,10.926225759415772,5.544741244056614,0.0,0.0,0.0,0.5406603082869116,0.8412410065154348
1240.79982338,11.013759600531086,5.702293108819954,0.0,0.0,0.0,0.45135574841722514,0.8923440975154856
1241.091777111,11.129612838926423,5.836436043510419,0.0,0.0,0.0,0.35975222281200586,0.9330478756107967
1241.353492705,11.251927952314169,5.930111495851453,0.0,0.0,0.0,0.2631771799259292,0.9647475172117496
1241.65545689,11.404916462041909,6.003271555823841,0.0,0.0,0.0,0.16278924060855535,0.9866608653139588
1242.209030827,11.599970698072537,6.050426310245189,0.0,0.0,0.0,0.06568774534795693,0.9978402277474595
1242.551023799,11.765650060321157,6.058353033567728,0.0,0.0,0.0,-0.03846169137555918,0.9992600754040618
1243.547831095,12.017784540287527,6.0113610389682135,0.0,0.0,0.0,-0.10931632046838793,0.9940070130935962
1243.870045957,12.177758895815089,5.9977100110263954,0.0,0.0,0.0,0.0020265350025702043,0.9999979465758334
1244.101615845,12.290674675446065,6.012950762209932,0.0,0.0,0.0,0.10820304029444576,0.9941288156325812
1244.897415182,12.538914333637173,6.107657322118317,0.0,0.0,0.0,0.17682586852595233,0.9842421512107895
1245.36073302,12.787076906201216,6.2020396903011985,0.0,0.0,0.0,0.17619497630052577,0.9843552866350935
1245.773597837,13.034568275978641,6.295457168135679,0.0,0.0,0.0,0.17716552689535406,0.9841810687469514
1246.287225873,13.289923544611305,6.380138498141699,0.0,0.0,0.0,0.12084616106878018,0.9926712473699127
1246.710190259,13.556368865200174,6.416862732491661,0.0,0.0,0.0,0.01536648271873725,0.9998819286340036
1247.073011949,13.777767125963226,6.392643858766092,0.0,0.0,0.0,-0.08882727328154094,0.9960470448334087
1247.324667599,13.9272850010671,6.358097432974411,0.0,0.0,0.0,-0.19889636529381172,0.9800205282915816
1247.505789679,14.027479312871046,6.306600369916688,0.0,0.0,0.0,-0.29564794631401625,0.9552969652627944
1247.656696099,14.121383917592357,6.24140444736856,0.0,0.0,0.0,-0.395288095128275,0.9185571957422465
1247.898470916,14.207460574958501,6.154728370773775,0.0,0.0,0.0,-0.4899886468938016,0.8717288144343867
1248.099953427,14.273864475277897,6.04324494323976,0.0,0.0,0.0,-0.5741454410635224,0.818753328241158
1248.442305304,14.317695633754914,5.9210104718377226,0.0,0.0,0.0,-0.6525855067567646,0.7577150891799745
1250.073373425,14.35750439694166,5.670288124599702,0.0,0.0,0.0,-0.6195085744552659,0.7849898892192206
1250.556544077,14.436664126594845,5.428557180324389,0.0,0.0,0.0,-0.6125357818759871,0.7904428606304019
1251.009568865,14.496702432337853,5.177076522728626,0.0,0.0,0.0,-0.6479401829906138,0.761691223046511
1251.452444907,14.509051118040112,4.921940945463979,0.0,0.0,0.0,-0.722266170171774,0.6916151960630984
1251.744363441,14.48755025549276,4.759124240798711,0.0,0.0,0.0,-0.7926465482931416,0.6096814327818818
1252.257814568,14.38801912726514,4.5031598763111225,0.0,0.0,0.0,-0.8368956367075134,0.5473624879912083
1252.590071224,14.327547545624137,4.325614475897854,0.0,0.0,0.0,-0.77733658392932,0.6290849189776332
1252.851935391,14.3182660320641,4.157647026073099,0.0,0.0,0.0,-0.7070126271338761,0.707200922703905
1253.304844256,14.344126102219843,3.902871973089417,0.0,0.0,0.0,-0.6321145299243883,0.774874971242761
1253.721659429,14.40192097056493,3.637010144140442,0.0,0.0,0.0,-0.578950707805762,0.8153625438608321
1253.953377534,14.449799687774377,3.5161206346954743,0.0,0.0,0.0,-0.48952365214058574,0.8719900194353963
1254.44695441,14.618535016487007,3.265061781081838,0.0,0.0,0.0,-0.4827002709752121,0.8757856178314741
1254.920184522,14.766614468059597,3.010242349392947,0.0,0.0,0.0,-0.5057480525354274,0.8626812316010025
1255.292623503,14.853004787605245,2.802689499782938,0.0,0.0,0.0,-0.5945293732628129,0.8040738923306284
1255.795858786,14.945068762346276,2.544033600336662,0.0,0.0,0.0,-0.5307010001604597,0.8475591120557242
1256.188415956,15.05915523853201,2.3386398371034036,0.0,0.0,0.0,-0.44479499377000514,0.8956324098184149
1256.731746385,15.297633321497692,2.0865673509819187,0.0,0.0,0.0,-0.3505904244487526,0.9365288859852874
1256.973413187,15.394400191859058,2.0020863693061615,0.0,0.0,0.0,-0.251609229992467,0.9678289081147544
1257.164482828,15.51480271771128,1.9397951808045917,0.0,0.0,0.0,-0.15560666989233815,0.9878190949182025
1257.416097665,15.668396575303216,1.8890630592263675,0.0,0.0,0.0,-0.05840703845391109,0.9982928517519513
1257.657711571,15.808877667162271,1.8837224660491034,0.0,0.0,0.0,0.0452412559358119,0.9989760901850205
1257.929465597,15.976488073318897,1.9049752257119354,0.0,0.0,0.0,0.14562099181373822,0.9893404503724607
1258.130831428,16.09817247042337,1.9442753023286545,0.0,0.0,0.0,0.2490233131240453,0.9684974907147275
1258.392524277,16.216372539447793,2.020711641260356,0.0,0.0,0.0,0.35143835824402836,0.9362110234101829
1258.634013828,16.30810537470529,2.1050177559405845,0.0,0.0,0.0,0.4478187774076604,0.8941243440378459
1258.835452877,16.316591583646122,2.1159277665803278,0.0,0.0,0.0,0.5412381427912063,0.8408693553626067
1259.157869025,16.319881970087895,2.1149419668149965,0.0,0.0,0.0,0.6251230509840234,0.7805262142480712
1259.832201684,16.375072485409188,2.3605219241992472,0.0,0.0,0.0,0.6133756373499597,0.7897913189606041
1260.124105585,16.44469953046102,2.5331531156581564,0.0,0.0,0.0,0.529572877722868,0.8482644441330311
1260.406261275,16.534976243374224,2.667905740409233,0.0,0.0,0.0,0.4345641140751396,0.9006409000029307
1262.218414781,16.75592370811285,2.8709707830185653,0.0,0.0,0.0,0.33776756755312765,0.9412295523990114
1262.741634891,17.018374838730562,3.0358179064884925,0.0,0.0,0.0,0.2697126083421012,0.9629408646959066
1263.104338396,17.18799987886987,3.1166009453759616,0.0,0.0,0.0,0.16695752569350933,0.9859640889070459
1263.275541433,17.296446357585854,3.1299229703001847,0.0,0.0,0.0,0.06506029195099583,0.997881334834584
1263.466743916,17.41547873435144,3.129782522267373,0.0,0.0,0.0,-0.03823396134405686,0.9992688147840606
1263.658066692,17.543487091073665,3.1060613521389393,0.0,0.0,0.0,-0.14087056420118949,0.9900280218971776
1263.949913793,17.692609582909355,3.0490052350389916,0.0,0.0,0.0,-0.24047050279471924,0.9706564465791462
1264.211372211,17.813445372517105,2.9682093404356515,0.0,0.0,0.0,-0.33933426922057014,0.9406658565784886
1264.493529938,17.91354795992416,2.868824653520022,0.0,0.0,0.0,-0.4288320611573065,0.9033842279581685
1266.678266701,18.014415316494215,2.7345854707991673,0.0,0.0,0.0,-0.5177238000722753,0.8555478168043693
1266.990400708,18.0842423051883,2.577252917004672,0.0,0.0,0.0,-0.6026456895409336,0.7980088801997962
1267.252148978,18.117008565906644,2.4211387249516427,0.0,0.0,0.0,-0.6836702841558566,0.7297910266386195
1267.503818991,18.11709965127523,2.2678948618642485,0.0,0.0,0.0,-0.7514475333388255,0.6597928497937778
1267.735407894,18.09024000420613,2.1261024182994297,0.0,0.0,0.0,-0.8168379524056789,0.5768671939967619
1267.997194152,18.029781157658903,1.9933533056315391,0.0,0.0,0.0,-0.8712767828981367,0.49079197994942125
1268.238899687,17.945932993576456,1.8734119005911063,0.0,0.0,0.0,-0.9177847959807997,0.3970781639255449
1268.470790741,17.840372487067107,1.7784891129344047,0.0,0.0,0.0,-0.9550631356095779,0.29640244094744056
1268.692271407,17.72609358313612,1.7139054036268024,0.0,0.0,0.0,-0.9815324690728595,0.19129561457528513
1268.873488752,17.606571520035683,1.6773948909085319,0.0,0.0,0.0,-0.9958268052079963,0.09126321290221716
1269.085041558,17.48793357762196,1.6630339945277157,0.0,0.0,0.0,0.9998404670984556,0.017861700712476104
1269.296465158,17.35571850111382,1.6796849072718367,0.0,0.0,0.0,0.9928093972704757,0.11970589246747544
1269.769993909,17.105639669775986,1.7542071675731832,0.0,0.0,0.0,0.9875801466828993,0.1571160522600511
1270.193200395,16.851520605932745,1.8346502908608127,0.0,0.0,0.0,0.9878473678786375,0.15542708185914
1270.62628729,16.594485346785856,1.9139962847245342,0.0,0.0,0.0,0.9881150927953605,0.15371585276091757
1271.079380124,16.342852686262177,1.9927021466291026,0.0,0.0,0.0,0.9882566617240053,0.15280304498970199
1271.542662554,16.0926735079911,2.0652527939835803,0.0,0.0,0.0,0.988309351280246,0.15246188432529412
1271.975723493,15.836909398196045,2.1418354344901704,0.0,0.0,0.0,0.9884004005200482,0.15187049829314592
1272.418897659,15.586155296685698,2.2028219314411137,0.0,0.0,0.0,0.989139545425339,0.14697945324348463
1272.84189222,15.330542784768772,2.26430287669034,0.0,0.0,0.0,0.9896935233704078,0.1432017101806681
1273.295004845,15.06871279966521,2.307280226443403,0.0,0.0,0.0,0.9905773235527525,0.1369546131499977
1273.737770437,14.810915953141778,2.3549904578913767,0.0,0.0,0.0,0.991445674873564,0.13052001292714868
1274.150399246,14.551126751245379,2.399851767244187,0.0,0.0,0.0,0.9919423945392496,0.1266897230075895
1274.623481434,14.294621051220467,2.4573956093633615,0.0,0.0,0.0,0.9919491666658862,0.12663668801281053
1275.026175868,14.03741381717001,2.514048402903311,0.0,0.0,0.0,0.9922830980864736,0.12399295646088061
1275.468998421,13.785536702095614,2.5861466898606618,0.0,0.0,0.0,0.991915882734984,0.12689712990480723
1275.941711068,13.5309573861588,2.6574232158062907,0.0,0.0,0.0,0.9919941090603206,0.1262841541509496
1276.364250112,13.284329700517848,2.7452447326855167,0.0,0.0,0.0,0.9913486190280975,0.13125515437910995
1276.786745124,13.042577071592937,2.8351591351895977,0.0,0.0,0.0,0.9907541217568551,0.135669710038029
1277.240154669,12.790888379012161,2.91761248041671,0.0,0.0,0.0,0.9905375148632796,0.13724223711554076
1277.70275633,12.539910922406056,3.0145423399932514,0.0,0.0,0.0,0.9902335496881192,0.13941849616197752
1278.125857932,12.295090149691648,3.101655368346234,0.0,0.0,0.0,0.9897435803635216,0.14285532936925144
1278.871341665,12.194480844879239,3.110646347573317,0.0,0.0,0.0,0.9992928651356574,0.03760012884244966
1279.123145466,12.086721159196287,3.086138532627763,0.0,0.0,0.0,-0.9974331332078953,0.07160408353635296
1280.340953447,11.836329271612293,3.0269865074502107,0.0,0.0,0.0,0.9998309569306802,0.018386341753600887
